proxy_address,protocol,alive_time
61.191.41.130:80,HTTP,49天
59.44.247.126:9797,HTTPS,17天
183.32.89.22:808,HTTP,8小时
58.252.6.165:9000,HTTP,556天
119.39.114.91:808,HTTP,1分钟
58.59.68.91:9797,HTTPS,730天
121.69.3.102:8080,HTTP,99天
221.237.154.57:9797,HTTPS,717天
123.115.116.111:9000,HTTPS,1分钟
183.56.177.130:808,HTTP,163天
58.249.55.222:9797,HTTP,524天
58.132.181.50:8080,HTTPS,3天
123.138.216.92:9999,HTTP,448天
60.174.237.43:9999,HTTP,393天
113.65.20.139:9999,HTTP,30天
113.200.245.158:9999,HTTP,12小时
221.217.40.233:9000,HTTPS,1天
124.193.85.88:8080,HTTP,285天
113.200.159.155:9999,HTTP,519天
113.65.20.235:9999,HTTP,8天
218.75.116.58:9999,HTTP,181天
113.74.102.127:9797,HTTPS,1分钟
220.113.26.18:8080,HTTP,366天
113.65.20.222:9999,HTTP,10天
210.76.163.216:8118,HTTP,8天
42.123.69.154:8080,HTTPS,11小时
211.84.193.197:8998,HTTP,8天
180.173.158.70:9000,HTTP,10天
202.112.128.95:3128,HTTPS,1分钟
